{"eval/loss": 1.1262180805206299, "eval/accuracy": 0.499, "eval/f1": 0.1874797275381122, "eval/auc": 0.49899999999999994, "eval/precision": 0.4957118353344768, "eval/recall": 0.1156, "eval/runtime": 0.2805, "eval/samples_per_second": 17826.271, "eval/steps_per_second": 1115.925, "train/global_step": 11976, "_timestamp": 1696520492.7886474, "_runtime": 2752.4177253246307, "_step": 225, "train/epoch": 2.0, "train/loss": 0.3142, "train/learning_rate": 1.1532675915092763e-06, "train/train_runtime": 1694.3422, "train/train_samples_per_second": 5654.407, "train/train_steps_per_second": 353.411, "train/total_flos": 0.0, "train/train_loss": 0.36268586407841724}