{"eval/loss": 0.400961309671402, "eval/accuracy": 0.8154344306529951, "eval/f1": 0.8069977426636569, "eval/auc": 0.8151678782795098, "eval/precision": 0.8392018779342723, "eval/recall": 0.7771739130434783, "eval/runtime": 0.1245, "eval/samples_per_second": 14884.328, "eval/steps_per_second": 931.777, "train/global_step": 21344, "_timestamp": 1696510161.298188, "_runtime": 1302.8462340831757, "_step": 490, "train/loss": 0.4883, "train/learning_rate": 3.420479302832244e-05, "train/epoch": 46.0, "train/train_runtime": 60.83, "train/train_samples_per_second": 12183.142, "train/train_steps_per_second": 762.782, "train/total_flos": 0.0, "train/train_loss": 0.45767735791528064}