{"eval/loss": 1.589037299156189, "eval/accuracy": 0.714, "eval/f1": 0.6705069124423964, "eval/auc": 0.7153915391539154, "eval/precision": 0.8016528925619835, "eval/recall": 0.5762376237623762, "eval/runtime": 4.3305, "eval/samples_per_second": 230.92, "eval/steps_per_second": 28.865, "train/global_step": 3552, "_timestamp": 1696272513.5247943, "_runtime": 4082.6139793395996, "_step": 58, "train/epoch": 6.0, "train/loss": 0.0572, "train/learning_rate": 2.693726937269373e-05, "train/train_runtime": 366.9975, "train/train_samples_per_second": 129.047, "train/train_steps_per_second": 16.131, "train/total_flos": 3738281874554880.0, "train/train_loss": 0.15005580342567718}