{"eval/loss": 0.3724183440208435, "eval/accuracy": 0.8313293253173013, "eval/f1": 0.8259220958290244, "eval/auc": 0.8315483301025042, "eval/precision": 0.8155207624234173, "eval/recall": 0.8365921787709497, "eval/runtime": 1.4348, "eval/samples_per_second": 16693.517, "eval/steps_per_second": 1043.345, "train/global_step": 47904, "_timestamp": 1696520795.5665076, "_runtime": 165.71797347068787, "_step": 11, "train/epoch": 8.0, "train/loss": 0.4131, "train/learning_rate": 4.255603880896621e-05}