{"eval/loss": 1.6349717378616333, "eval/accuracy": 0.719, "eval/f1": 0.6420382165605096, "eval/auc": 0.7212221222122212, "eval/precision": 0.9, "eval/recall": 0.499009900990099, "eval/runtime": 4.4392, "eval/samples_per_second": 225.265, "eval/steps_per_second": 28.158, "train/global_step": 4736, "_timestamp": 1696528145.1062064, "_runtime": 957.789163351059, "_step": 30, "train/epoch": 8.0, "train/loss": 0.0324, "train/learning_rate": 1.3099630996309964e-05, "train/train_runtime": 521.0124, "train/train_samples_per_second": 90.9, "train/train_steps_per_second": 11.362, "train/total_flos": 4984375832739840.0, "train/train_loss": 0.1306033256790928}