{"train/loss": 0.0808, "train/learning_rate": 4.621212121212121e-05, "train/epoch": 8.35, "train/global_step": 5000, "_timestamp": 1696445760.1318152, "_runtime": 1089.4974682331085, "_step": 449, "train/train_runtime": 108.205, "train/train_samples_per_second": 8844.325, "train/train_steps_per_second": 553.579, "train/total_flos": 0.0, "train/train_loss": 0.23666416887846933, "eval/loss": 0.7048654556274414, "eval/accuracy": 0.8165, "eval/f1": 0.8132315521628499, "eval/auc": 0.8172065523583601, "eval/precision": 0.7934458788480635, "eval/recall": 0.8340292275574113, "eval/runtime": 0.1832, "eval/samples_per_second": 10917.72, "eval/steps_per_second": 682.357}