{"eval/loss": 0.4040926694869995, "eval/accuracy": 0.8254891591750396, "eval/f1": 0.8252118644067797, "eval/auc": 0.8254945981802276, "eval/precision": 0.8234672304439746, "eval/recall": 0.826963906581741, "eval/runtime": 0.1119, "eval/samples_per_second": 16892.273, "eval/steps_per_second": 1063.025, "train/global_step": 8041, "_timestamp": 1696511279.3246312, "_runtime": 489.1802523136139, "_step": 93, "train/epoch": 17.0, "train/train_runtime": 28.7852, "train/train_samples_per_second": 13136.946, "train/train_steps_per_second": 821.602, "train/total_flos": 0.0, "train/train_loss": 0.3387091230684927}