{"eval/loss": 1.1675323247909546, "eval/accuracy": 0.5634, "eval/f1": 0.3821115199547127, "eval/auc": 0.5634, "eval/precision": 0.6534365924491772, "eval/recall": 0.27, "eval/runtime": 0.2857, "eval/samples_per_second": 17501.089, "eval/steps_per_second": 1095.568, "train/global_step": 335328, "_timestamp": 1696521948.339428, "_runtime": 1125.5478489398956, "_step": 81, "train/epoch": 56.0, "train/loss": 0.3051, "train/learning_rate": 2.246364699983286e-05, "train/train_runtime": 1123.1755, "train/train_samples_per_second": 8529.834, "train/train_steps_per_second": 533.131, "train/total_flos": 0.0, "train/train_loss": 0.35676768882002285}