{"eval/loss": 1.2049089670181274, "eval/accuracy": 0.551, "eval/f1": 0.3631205673758865, "eval/auc": 0.5509999999999999, "eval/precision": 0.624390243902439, "eval/recall": 0.256, "eval/runtime": 0.4448, "eval/samples_per_second": 11241.57, "eval/steps_per_second": 703.722, "train/global_step": 227544, "_timestamp": 1696523050.793073, "_runtime": 881.2009899616241, "_step": 56, "train/epoch": 38.0, "train/loss": 0.2646, "train/learning_rate": 3.1238509109142574e-05, "train/train_runtime": 878.0052, "train/train_samples_per_second": 10911.666, "train/train_steps_per_second": 682.001, "train/total_flos": 0.0, "train/train_loss": 0.3412613080271529}