{"eval/loss": 0.4454619586467743, "eval/accuracy": 0.8092701118806607, "eval/f1": 0.8017718715393134, "eval/auc": 0.8089097982571489, "eval/precision": 0.8227272727272728, "eval/recall": 0.7818574514038877, "eval/runtime": 0.1656, "eval/samples_per_second": 11334.586, "eval/steps_per_second": 712.563, "train/global_step": 11750, "_timestamp": 1696512383.1151147, "_runtime": 423.4467866420746, "_step": 103, "train/epoch": 25.0, "train/loss": 0.4554, "train/learning_rate": 1.8478260869565216e-05, "train/train_runtime": 46.3268, "train/train_samples_per_second": 8100.065, "train/train_steps_per_second": 507.266, "train/total_flos": 0.0, "train/train_loss": 0.3763123753324468}