{"eval/loss": 0.44209572672843933, "eval/accuracy": 0.7868421052631579, "eval/f1": 0.779050736497545, "eval/auc": 0.786481394253415, "eval/precision": 0.7951002227171492, "eval/recall": 0.7636363636363637, "eval/runtime": 0.2177, "eval/samples_per_second": 8727.855, "eval/steps_per_second": 546.639, "train/global_step": 7600, "_timestamp": 1696511915.0189993, "_runtime": 38.08928728103638, "_step": 16, "train/epoch": 16.0}