{"eval/loss": 1.4113526344299316, "eval/accuracy": 0.465, "eval/f1": 0.17054263565891473, "eval/auc": 0.45475928335501953, "eval/precision": 0.34375, "eval/recall": 0.1134020618556701, "eval/runtime": 0.0154, "eval/samples_per_second": 12977.627, "eval/steps_per_second": 843.546, "train/global_step": 3650, "_timestamp": 1696529415.6359334, "_runtime": 11.99650239944458, "_step": 76, "train/epoch": 73.0, "train/train_runtime": 11.191, "train/train_samples_per_second": 7148.588, "train/train_steps_per_second": 446.787, "train/total_flos": 0.0, "train/train_loss": 0.5470019865689212}