{"eval/loss": 0.4601747691631317, "eval/accuracy": 0.780564263322884, "eval/f1": 0.7744360902255638, "eval/auc": 0.7803293192430572, "eval/precision": 0.781148429035753, "eval/recall": 0.7678381256656017, "eval/runtime": 0.1795, "eval/samples_per_second": 10661.601, "eval/steps_per_second": 1336.878, "train/global_step": 7185, "_timestamp": 1696446784.0662336, "_runtime": 923.2476136684418, "_step": 740, "train/loss": 0.4429, "train/learning_rate": 8.863126402393418e-06, "train/epoch": 15.0, "train/train_runtime": 12.0729, "train/train_samples_per_second": 9512.186, "train/train_steps_per_second": 595.133, "train/total_flos": 0.0, "train/train_loss": 0.49617541053681713}